Row Labels,Sum of Total,Probablity
0-14,98410,0.022695259
15-29,1534037,0.353778746
30-44,1471599,0.339379329
45-59,885177,0.204139019
60+,346925,0.080007647
