Row Labels,Sum of Total,Probablity
Female,4702974,0.359781954
Male,8368760,0.640218046
