Social_Status,Sum,Probablity
Divorcee,45816,0.010489508
Married,3065322,0.701801116
Never Married,954903,0.218623685
Seperated,115413,0.026423642
Widowed/Widower,186339,0.042662049
